[{"file":"000000.jpg","delay":100},{"file":"000001.jpg","delay":100},{"file":"000002.jpg","delay":100},{"file":"000003.jpg","delay":100},{"file":"000004.jpg","delay":100},{"file":"000005.jpg","delay":100},{"file":"000006.jpg","delay":100},{"file":"000007.jpg","delay":100},{"file":"000008.jpg","delay":100},{"file":"000009.jpg","delay":100},{"file":"000010.jpg","delay":100},{"file":"000011.jpg","delay":100},{"file":"000012.jpg","delay":100},{"file":"000013.jpg","delay":100},{"file":"000014.jpg","delay":100},{"file":"000015.jpg","delay":100},{"file":"000016.jpg","delay":100},{"file":"000017.jpg","delay":100},{"file":"000018.jpg","delay":100},{"file":"000019.jpg","delay":100}]